# ************************************************************
# Sequel Pro SQL dump
# Version 4135
#
# http://www.sequelpro.com/
# http://code.google.com/p/sequel-pro/
#
# Host: 127.0.0.1 (MySQL 5.5.34-log)
# Database: gamespot
# Generation Time: 2014-09-01 00:15:51 +0000
# ************************************************************


/*!40101 SET @OLD_CHARACTER_SET_CLIENT=@@CHARACTER_SET_CLIENT */;
/*!40101 SET @OLD_CHARACTER_SET_RESULTS=@@CHARACTER_SET_RESULTS */;
/*!40101 SET @OLD_COLLATION_CONNECTION=@@COLLATION_CONNECTION */;
/*!40101 SET NAMES utf8 */;
/*!40014 SET @OLD_FOREIGN_KEY_CHECKS=@@FOREIGN_KEY_CHECKS, FOREIGN_KEY_CHECKS=0 */;
/*!40101 SET @OLD_SQL_MODE=@@SQL_MODE, SQL_MODE='NO_AUTO_VALUE_ON_ZERO' */;
/*!40111 SET @OLD_SQL_NOTES=@@SQL_NOTES, SQL_NOTES=0 */;


# Dump of table accessories
# ------------------------------------------------------------

DROP TABLE IF EXISTS `accessories`;

CREATE TABLE `accessories` (
  `id` int(11) unsigned NOT NULL AUTO_INCREMENT,
  `name` varchar(200) NOT NULL DEFAULT '',
  `release_date` date DEFAULT NULL,
  `producer` varchar(200) DEFAULT NULL,
  `description` text,
  `console_id` int(11) unsigned NOT NULL,
  PRIMARY KEY (`id`),
  KEY `accessory_belongs_to_console` (`console_id`),
  CONSTRAINT `accessory_belongs_to_console` FOREIGN KEY (`console_id`) REFERENCES `accessories` (`id`) ON DELETE CASCADE ON UPDATE NO ACTION
) ENGINE=InnoDB DEFAULT CHARSET=latin1;

LOCK TABLES `accessories` WRITE;
/*!40000 ALTER TABLE `accessories` DISABLE KEYS */;

INSERT INTO `accessories` (`id`, `name`, `release_date`, `producer`, `description`, `console_id`)
VALUES
	(1,'PlayStation Camera','2013-11-11','Sony','Vestibulum ante ipsum primis in faucibus orci luctus et ultrices posuere cubilia Curae; Fusce in mauris orci. In imperdiet aliquet gravida. Quisque suscipit egestas convallis. Quisque mattis nisi at urna rhoncus faucibus. Ut sed sapien in libero porta gravida et eget risus. Curabitur blandit interdum lobortis. Aenean vitae mattis libero, ut pellentesque ligula. Aenean urna velit, semper eu sollicitudin a, fermentum a libero. Praesent pharetra volutpat justo, non iaculis mi porttitor mattis. Donec vel nulla orci. Suspendisse blandit orci arcu, eu placerat augue ultrices nec. Curabitur lectus metus, cursus nec condimentum eu, bibendum quis urna.',1),
	(2,'PlayStation Eye','2008-08-01','Sony','Integer in volutpat massa. Aenean eleifend felis ligula, varius interdum elit ultricies vitae. Pellentesque eget elementum mauris. Aenean elementum mauris vitae orci eleifend, luctus rutrum leo tincidunt. Fusce consectetur massa nec elementum ultrices. Nam varius adipiscing tellus, ut hendrerit nunc eleifend non. Nulla in enim at tortor congue aliquam. Ut mi felis, euismod quis nunc eleifend, tristique pellentesque orci. Cras dignissim quis nulla quis ultricies. Nam in elit venenatis, aliquam leo at, venenatis velit. In tristique velit sit amet adipiscing ultricies. Fusce et posuere felis. Quisque at nibh libero. Vestibulum ante ipsum primis in faucibus orci luctus et ultrices posuere cubilia Curae; Phasellus non egestas libero. Maecenas auctor, enim ut tempus iaculis, ante elit dictum metus, sit amet tempor neque dui nec urna.',2),
	(3,'Xbox Kinect','2009-04-22','Microsoft','Donec quis pharetra tellus. Suspendisse molestie massa eu hendrerit laoreet. Proin est tellus, sollicitudin eu tincidunt at, egestas adipiscing odio. Etiam nec dolor placerat, tincidunt enim eu, vehicula lacus. Nulla sit amet luctus velit, ut posuere sapien. Nam lacinia lacus ac enim hendrerit, quis condimentum lacus faucibus. Suspendisse id lectus ac risus porttitor faucibus at a tellus. Curabitur imperdiet enim nec fringilla malesuada. Pellentesque congue accumsan neque.',3);

/*!40000 ALTER TABLE `accessories` ENABLE KEYS */;
UNLOCK TABLES;


# Dump of table ads
# ------------------------------------------------------------

DROP TABLE IF EXISTS `ads`;

CREATE TABLE `ads` (
  `id` int(11) unsigned NOT NULL AUTO_INCREMENT,
  `published_at` timestamp NOT NULL DEFAULT CURRENT_TIMESTAMP ON UPDATE CURRENT_TIMESTAMP,
  `price` float unsigned DEFAULT NULL,
  `description` text,
  `city` varchar(50) DEFAULT '',
  `type` varchar(10) NOT NULL DEFAULT '',
  `published` tinyint(1) unsigned DEFAULT '0',
  `author_id` int(11) unsigned NOT NULL,
  `console_id` int(11) unsigned DEFAULT NULL,
  `game_id` int(11) unsigned DEFAULT NULL,
  `accessory_id` int(11) unsigned DEFAULT NULL,
  PRIMARY KEY (`id`),
  KEY `ad_belongs_to_user` (`author_id`),
  KEY `ad_belongs_to_console` (`console_id`),
  KEY `ad_belongs_to_game` (`game_id`),
  KEY `ad_belongs_to_accessory` (`accessory_id`),
  CONSTRAINT `ad_belongs_to_accessory` FOREIGN KEY (`accessory_id`) REFERENCES `accessories` (`id`) ON DELETE CASCADE ON UPDATE NO ACTION,
  CONSTRAINT `ad_belongs_to_author` FOREIGN KEY (`author_id`) REFERENCES `users` (`id`) ON DELETE CASCADE ON UPDATE NO ACTION,
  CONSTRAINT `ad_belongs_to_console` FOREIGN KEY (`console_id`) REFERENCES `consoles` (`id`) ON DELETE CASCADE ON UPDATE NO ACTION,
  CONSTRAINT `ad_belongs_to_game` FOREIGN KEY (`game_id`) REFERENCES `games` (`id`) ON DELETE CASCADE ON UPDATE NO ACTION
) ENGINE=InnoDB DEFAULT CHARSET=latin1;

LOCK TABLES `ads` WRITE;
/*!40000 ALTER TABLE `ads` DISABLE KEYS */;

INSERT INTO `ads` (`id`, `published_at`, `price`, `description`, `city`, `type`, `published`, `author_id`, `console_id`, `game_id`, `accessory_id`)
VALUES
	(6,'2014-08-31 15:55:57',87.45,'Cras dictum augue id iaculis dignissim. Nunc consequat mi in porta interdum. Nam tortor neque, auctor eget enim sit amet, ultrices semper mi. Sed non pharetra lacus, nec bibendum orci. Phasellus lobortis neque tortor, vitae ultrices arcu porttitor eu. Mauris non facilisis felis, interdum blandit enim. Proin mollis dignissim urna, id dignissim purus commodo vitae. Morbi tincidunt id sem vitae blandit. Proin mattis luctus nulla, eu congue quam eleifend lacinia. Quisque commodo, lectus sed tristique consectetur, felis felis condimentum neque, eu egestas diam tortor quis nisl. Nulla eleifend adipiscing tortor et rutrum. Duis vitae mauris augue. In tincidunt, lorem a malesuada egestas, urna arcu imperdiet metus, sed sodales justo est non odio. Nullam vestibulum vel sapien vitae aliquam. Suspendisse sagittis est sem, vel iaculis mi elementum a. Etiam dictum lectus magna, vitae porta est porttitor non.','Terni','game',1,1,3,1,NULL),
	(8,'2014-08-31 15:55:59',77.9,'Nunc elementum dolor non pretium consequat. Donec feugiat tincidunt tortor vitae eleifend. Vestibulum rhoncus justo et est bibendum, in sollicitudin turpis scelerisque. Nulla euismod ultricies eros, nec mattis magna dapibus vitae. Praesent lobortis laoreet gravida. Quisque nec arcu non lectus pharetra posuere non id diam. Vestibulum tincidunt mi non libero blandit tincidunt. Integer venenatis, nibh eget fringilla ornare, nulla enim tempor neque, at varius mauris nulla at nibh. Integer a pretium mauris, eget lacinia orci. Mauris viverra magna ut faucibus elementum. Morbi aliquam risus vel justo laoreet varius. Mauris sit amet nibh ipsum. In et luctus dolor. Nam dolor purus, eleifend non massa vel, suscipit elementum nibh. Nulla aliquet velit vitae dapibus elementum. Nunc nulla odio, malesuada eget gravida a, consectetur sed mi.','Pescara','game',1,1,4,2,NULL),
	(22,'2014-08-31 15:56:00',33,'r2r23r21','r2r','accessory',1,4,1,NULL,1),
	(23,'2014-08-31 15:56:00',33,'Hello description','Rome','game',1,4,1,1,NULL),
	(27,'2014-09-01 02:00:37',34.9,'Nunc sem magna, ornare non mi vitae, pellentesque condimentum lectus. Donec accumsan mattis interdum. Fusce quis dictum diam, nec pharetra felis. In arcu odio, consectetur eget eleifend eget, posuere vel turpis. Maecenas bibendum urna eu felis sollicitudin, id ultricies massa interdum. Nulla eget scelerisque tortor. Suspendisse posuere nisl eget leo congue aliquet. Integer euismod nibh eget ligula hendrerit eleifend id sit amet nisl. Morbi vitae iaculis velit, sit amet fringilla dolor. Ut sed nisi tortor. Vestibulum quis arcu sed augue ornare rhoncus. Nam enim lacus, hendrerit quis ex eget, euismod dictum nibh. Proin dui tortor, pellentesque in libero et, consequat elementum neque. Suspendisse consequat dui non massa lacinia imperdiet.','L\'Aquila','game',1,15,2,6,NULL);

/*!40000 ALTER TABLE `ads` ENABLE KEYS */;
UNLOCK TABLES;


# Dump of table categories_games
# ------------------------------------------------------------

DROP TABLE IF EXISTS `categories_games`;

CREATE TABLE `categories_games` (
  `category_id` int(11) unsigned NOT NULL,
  `game_id` int(11) unsigned NOT NULL
) ENGINE=InnoDB DEFAULT CHARSET=latin1;



# Dump of table consoles
# ------------------------------------------------------------

DROP TABLE IF EXISTS `consoles`;

CREATE TABLE `consoles` (
  `id` int(10) unsigned NOT NULL AUTO_INCREMENT,
  `name` varchar(40) NOT NULL DEFAULT '',
  `release_year` int(4) unsigned NOT NULL,
  `producer` varchar(40) NOT NULL DEFAULT '',
  PRIMARY KEY (`id`),
  UNIQUE KEY `name` (`name`)
) ENGINE=InnoDB DEFAULT CHARSET=latin1;

LOCK TABLES `consoles` WRITE;
/*!40000 ALTER TABLE `consoles` DISABLE KEYS */;

INSERT INTO `consoles` (`id`, `name`, `release_year`, `producer`)
VALUES
	(1,'PlayStation 3.4',2005,'Sony'),
	(2,'PlayStation 4',2013,'Sony'),
	(3,'Xbox 360',2005,'Microsoft'),
	(4,'Xbox One',2013,'Microsoft');

/*!40000 ALTER TABLE `consoles` ENABLE KEYS */;
UNLOCK TABLES;


# Dump of table consoles_games
# ------------------------------------------------------------

DROP TABLE IF EXISTS `consoles_games`;

CREATE TABLE `consoles_games` (
  `game_id` int(11) unsigned NOT NULL,
  `console_id` int(11) unsigned NOT NULL
) ENGINE=InnoDB DEFAULT CHARSET=latin1;



# Dump of table errors
# ------------------------------------------------------------

DROP TABLE IF EXISTS `errors`;

CREATE TABLE `errors` (
  `id` int(11) unsigned NOT NULL AUTO_INCREMENT,
  `message` text NOT NULL,
  `happened_at` timestamp NOT NULL DEFAULT CURRENT_TIMESTAMP,
  PRIMARY KEY (`id`)
) ENGINE=InnoDB DEFAULT CHARSET=utf8;

LOCK TABLES `errors` WRITE;
/*!40000 ALTER TABLE `errors` DISABLE KEYS */;

INSERT INTO `errors` (`id`, `message`, `happened_at`)
VALUES
	(1,'filemtime(): stat failed for /Users/whatyouhide/Sites/gamespot/templates_c/c0048680948c34502569b43f15461084cc250e32.file.index.tpl.php','2014-08-31 18:53:00'),
	(2,'Uncaught  --> Smarty Compiler: Syntax error in template \"/Users/whatyouhide/Sites/gamespot/app/views/backend/index.tpl\"  on line 12 \"{if}\" missing if condition <-- \n  thrown','2014-08-31 18:53:45'),
	(3,'filemtime(): stat failed for /Users/whatyouhide/Sites/gamespot/templates_c/fdc9d9744e0b87c43428b6557e3164b806f4df30.file.index.tpl.php','2014-08-31 19:00:01'),
	(4,'Uncaught exception \'Exception\' with message \'Error with the database: Unknown column \'online\' in \'where clause\'\nQuery: SELECT COUNT(*) FROM `users` WHERE `online` = \'1\'\' in /Users/whatyouhide/Sites/gamespot/app/classes/db.class.php:140\nStack trace:\n#0 /Users/whatyouhide/Sites/gamespot/app/classes/db.class.php(44): Common\\Db::throw_exception_if_error(\'SELECT COUNT(*)...\')\n#1 /Users/whatyouhide/Sites/gamespot/app/classes/db.class.php(53): Common\\Db::query(\'SELECT COUNT(*)...\')\n#2 /Users/whatyouhide/Sites/gamespot/app/classes/db.class.php(68): Common\\Db::get_rows(\'SELECT COUNT(*)...\')\n#3 /Users/whatyouhide/Sites/gamespot/app/classes/db.class.php(80): Common\\Db::array_from_one_column_query(\'SELECT COUNT(*)...\')\n#4 /Users/whatyouhide/Sites/gamespot/app/models/user.php(204): Common\\Db::number_from_query(\'SELECT COUNT(*)...\')\n#5 /Users/whatyouhide/Sites/gamespot/app/controllers/backend_application_controller.php(30): Models\\User::online_count()\n#6 /Users/whatyouhide/Sites/gamespot/app/classes/controller.class.php(10','2014-08-31 19:28:43'),
	(5,'Uncaught exception \'Exception\' with message \'Error with the database: Unknown column \'online\' in \'where clause\'\nQuery: SELECT COUNT(*) FROM `users` WHERE `online` = \'1\'\' in /Users/whatyouhide/Sites/gamespot/app/classes/db.class.php:140\nStack trace:\n#0 /Users/whatyouhide/Sites/gamespot/app/classes/db.class.php(44): Common\\Db::throw_exception_if_error(\'SELECT COUNT(*)...\')\n#1 /Users/whatyouhide/Sites/gamespot/app/classes/db.class.php(53): Common\\Db::query(\'SELECT COUNT(*)...\')\n#2 /Users/whatyouhide/Sites/gamespot/app/classes/db.class.php(68): Common\\Db::get_rows(\'SELECT COUNT(*)...\')\n#3 /Users/whatyouhide/Sites/gamespot/app/classes/db.class.php(80): Common\\Db::array_from_one_column_query(\'SELECT COUNT(*)...\')\n#4 /Users/whatyouhide/Sites/gamespot/app/models/user.php(204): Common\\Db::number_from_query(\'SELECT COUNT(*)...\')\n#5 /Users/whatyouhide/Sites/gamespot/app/controllers/backend_application_controller.php(30): Models\\User::online_count()\n#6 /Users/whatyouhide/Sites/gamespot/app/classes/controller.class.php(10','2014-08-31 19:30:47'),
	(6,'Uncaught exception \'Exception\' with message \'Error with the database: Unknown column \'online\' in \'where clause\'\nQuery: SELECT COUNT(*) FROM `users` WHERE `online` = 1\' in /Users/whatyouhide/Sites/gamespot/app/classes/db.class.php:140\nStack trace:\n#0 /Users/whatyouhide/Sites/gamespot/app/classes/db.class.php(44): Common\\Db::throw_exception_if_error(\'SELECT COUNT(*)...\')\n#1 /Users/whatyouhide/Sites/gamespot/app/classes/db.class.php(53): Common\\Db::query(\'SELECT COUNT(*)...\')\n#2 /Users/whatyouhide/Sites/gamespot/app/classes/db.class.php(68): Common\\Db::get_rows(\'SELECT COUNT(*)...\')\n#3 /Users/whatyouhide/Sites/gamespot/app/classes/db.class.php(80): Common\\Db::array_from_one_column_query(\'SELECT COUNT(*)...\')\n#4 /Users/whatyouhide/Sites/gamespot/app/models/user.php(204): Common\\Db::number_from_query(\'SELECT COUNT(*)...\')\n#5 /Users/whatyouhide/Sites/gamespot/app/controllers/backend_application_controller.php(30): Models\\User::online_count()\n#6 /Users/whatyouhide/Sites/gamespot/app/classes/controller.class.php(104)','2014-08-31 19:31:14'),
	(7,'Uncaught exception \'Exception\' with message \'Error with the database: Unknown column \'users.online\' in \'where clause\'\nQuery: SELECT * FROM `users` WHERE `users`.`online` = \'1\'\' in /Users/whatyouhide/Sites/gamespot/app/classes/db.class.php:140\nStack trace:\n#0 /Users/whatyouhide/Sites/gamespot/app/classes/db.class.php(44): Common\\Db::throw_exception_if_error(\'SELECT * FROM `...\')\n#1 /Users/whatyouhide/Sites/gamespot/app/classes/db.class.php(53): Common\\Db::query(\'SELECT * FROM `...\')\n#2 /Users/whatyouhide/Sites/gamespot/app/classes/model.class.php(293): Common\\Db::get_rows(\'SELECT * FROM `...\')\n#3 /Users/whatyouhide/Sites/gamespot/app/classes/model.class.php(215): Models\\Model::new_instances_from_query(\'SELECT * FROM `...\')\n#4 /Users/whatyouhide/Sites/gamespot/app/models/user.php(202): Models\\Model::where(Array)\n#5 /Users/whatyouhide/Sites/gamespot/app/controllers/backend_application_controller.php(30): Models\\User::online_count()\n#6 /Users/whatyouhide/Sites/gamespot/app/classes/controller.class.php(104): Contr','2014-08-31 19:32:47'),
	(8,'filemtime(): stat failed for /Users/whatyouhide/Sites/gamespot/templates_c/93630bc495f480351daf742356d8552aa7293379.file.index.tpl.php','2014-08-31 19:40:15'),
	(9,'filemtime(): stat failed for /Users/whatyouhide/Sites/gamespot/templates_c/0a3d6f5ffc25f54ddfa7beac4ceb0aaf29c271f4.file.index.tpl.php','2014-08-31 19:40:15'),
	(10,'filemtime(): stat failed for /Users/whatyouhide/Sites/gamespot/templates_c/2e3257d90af80828975f66a0f3b65516bfba89d1.file.profile.tpl.php','2014-09-01 01:57:14'),
	(11,'Uncaught exception \'Exception\' with message \'Error with the database: Cannot add or update a child row: a foreign key constraint fails (`gamespot`.`ads`, CONSTRAINT `ad_belongs_to_console` FOREIGN KEY (`console_id`) REFERENCES `consoles` (`id`) ON DELETE CASCADE ON UPDATE NO ACTION)\nQuery: INSERT INTO `ads`(`type`, `author_id`) VALUES (\'game\', \'15\')\' in /Users/whatyouhide/Sites/gamespot/app/classes/db.class.php:140\nStack trace:\n#0 /Users/whatyouhide/Sites/gamespot/app/classes/db.class.php(44): Common\\Db::throw_exception_if_error(\'INSERT INTO `ad...\')\n#1 /Users/whatyouhide/Sites/gamespot/app/classes/model.class.php(250): Common\\Db::query(\'INSERT INTO `ad...\')\n#2 /Users/whatyouhide/Sites/gamespot/app/controllers/ads_controller.php(64): Models\\Model::create(Array)\n#3 /Users/whatyouhide/Sites/gamespot/app/classes/controller.class.php(104): Controllers\\AdsController->nuevo()\n#4 /Users/whatyouhide/Sites/gamespot/app/classes/router.class.php(115): Controllers\\Controller->dispatch()\n#5 /Users/whatyouhide/Sites/gamesp','2014-09-01 01:57:17'),
	(12,'Uncaught exception \'Exception\' with message \'Error with the database: Cannot add or update a child row: a foreign key constraint fails (`gamespot`.`ads`, CONSTRAINT `ad_belongs_to_console` FOREIGN KEY (`console_id`) REFERENCES `consoles` (`id`) ON DELETE CASCADE ON UPDATE NO ACTION)\nQuery: INSERT INTO `ads`(`type`, `author_id`) VALUES (\'game\', \'15\')\' in /Users/whatyouhide/Sites/gamespot/app/classes/db.class.php:140\nStack trace:\n#0 /Users/whatyouhide/Sites/gamespot/app/classes/db.class.php(44): Common\\Db::throw_exception_if_error(\'INSERT INTO `ad...\')\n#1 /Users/whatyouhide/Sites/gamespot/app/classes/model.class.php(250): Common\\Db::query(\'INSERT INTO `ad...\')\n#2 /Users/whatyouhide/Sites/gamespot/app/controllers/ads_controller.php(64): Models\\Model::create(Array)\n#3 /Users/whatyouhide/Sites/gamespot/app/classes/controller.class.php(104): Controllers\\AdsController->nuevo()\n#4 /Users/whatyouhide/Sites/gamespot/app/classes/router.class.php(115): Controllers\\Controller->dispatch()\n#5 /Users/whatyouhide/Sites/gamesp','2014-09-01 01:57:50'),
	(13,'Undefined index: accessory','2014-09-01 01:57:52'),
	(14,'Uncaught exception \'Exception\' with message \'Error with the database: Cannot add or update a child row: a foreign key constraint fails (`gamespot`.`ads`, CONSTRAINT `ad_belongs_to_console` FOREIGN KEY (`console_id`) REFERENCES `consoles` (`id`) ON DELETE CASCADE ON UPDATE NO ACTION)\nQuery: INSERT INTO `ads`(`type`, `author_id`) VALUES (\'game\', \'15\')\' in /Users/whatyouhide/Sites/gamespot/app/classes/db.class.php:140\nStack trace:\n#0 /Users/whatyouhide/Sites/gamespot/app/classes/db.class.php(44): Common\\Db::throw_exception_if_error(\'INSERT INTO `ad...\')\n#1 /Users/whatyouhide/Sites/gamespot/app/classes/model.class.php(250): Common\\Db::query(\'INSERT INTO `ad...\')\n#2 /Users/whatyouhide/Sites/gamespot/app/controllers/ads_controller.php(64): Models\\Model::create(Array)\n#3 /Users/whatyouhide/Sites/gamespot/app/classes/controller.class.php(104): Controllers\\AdsController->nuevo()\n#4 /Users/whatyouhide/Sites/gamespot/app/classes/router.class.php(115): Controllers\\Controller->dispatch()\n#5 /Users/whatyouhide/Sites/gamesp','2014-09-01 01:57:53'),
	(15,'Undefined index: accessory','2014-09-01 01:59:34'),
	(16,'Trying to get property of non-object','2014-09-01 01:59:35'),
	(17,'Indirect modification of overloaded property Models\\Ad::$images has no effect','2014-09-01 02:00:31'),
	(18,'Undefined index: accessory','2014-09-01 02:00:39'),
	(19,'filemtime(): stat failed for /Users/whatyouhide/Sites/gamespot/templates_c/2ae02da038d59bb04be0c498cfeef024e5db68ee.file.show.tpl.php','2014-09-01 02:01:26'),
	(20,'Call to undefined method Common\\Mailer::error_info()','2014-09-01 02:03:54');

/*!40000 ALTER TABLE `errors` ENABLE KEYS */;
UNLOCK TABLES;


# Dump of table game_categories
# ------------------------------------------------------------

DROP TABLE IF EXISTS `game_categories`;

CREATE TABLE `game_categories` (
  `id` int(11) unsigned NOT NULL AUTO_INCREMENT,
  `name` varchar(40) NOT NULL DEFAULT '',
  PRIMARY KEY (`id`)
) ENGINE=InnoDB DEFAULT CHARSET=latin1;

LOCK TABLES `game_categories` WRITE;
/*!40000 ALTER TABLE `game_categories` DISABLE KEYS */;

INSERT INTO `game_categories` (`id`, `name`)
VALUES
	(1,'RPG'),
	(2,'FPS'),
	(6,'Sport'),
	(7,'Strategy'),
	(8,'Adventure');

/*!40000 ALTER TABLE `game_categories` ENABLE KEYS */;
UNLOCK TABLES;


# Dump of table games
# ------------------------------------------------------------

DROP TABLE IF EXISTS `games`;

CREATE TABLE `games` (
  `id` int(11) unsigned NOT NULL AUTO_INCREMENT,
  `name` varchar(60) NOT NULL DEFAULT '',
  `release_date` date DEFAULT NULL,
  `description` text,
  `software_house` varchar(50) DEFAULT '',
  `created_at` timestamp NULL DEFAULT CURRENT_TIMESTAMP,
  `console_id` int(11) unsigned DEFAULT NULL,
  `game_category_id` int(11) unsigned DEFAULT NULL,
  PRIMARY KEY (`id`),
  KEY `game_belongs_to_console` (`console_id`),
  KEY `game_belongs_to_game_category` (`game_category_id`),
  CONSTRAINT `game_belongs_to_console` FOREIGN KEY (`console_id`) REFERENCES `consoles` (`id`) ON DELETE CASCADE ON UPDATE NO ACTION,
  CONSTRAINT `game_belongs_to_game_category` FOREIGN KEY (`game_category_id`) REFERENCES `game_categories` (`id`) ON DELETE SET NULL ON UPDATE NO ACTION
) ENGINE=InnoDB DEFAULT CHARSET=latin1;

LOCK TABLES `games` WRITE;
/*!40000 ALTER TABLE `games` DISABLE KEYS */;

INSERT INTO `games` (`id`, `name`, `release_date`, `description`, `software_house`, `created_at`, `console_id`, `game_category_id`)
VALUES
	(1,'1886: The Order','2014-02-23','Integer turpis erat, gravida vitae lacinia id, congue ac eros. Etiam sodales velit porttitor iaculis porttitor. Nullam condimentum lorem sit amet interdum euismod. Nulla cursus eros sed condimentum pharetra. Fusce sodales sed justo et consectetur. Duis congue odio nunc, ut accumsan elit euismod eget. Aenean tempor velit in lectus elementum, quis semper lacus auctor. Ut nisi enim, mattis vel lorem ac, vehicula dictum sapien. Praesent auctor mauris turpis, ac venenatis metus rutrum vitae. Aliquam dolor tellus, rhoncus ac tincidunt mattis, consectetur eget risus.','SWHouse','2014-02-23 12:17:19',2,1),
	(2,'Battlefield 4','2013-11-29','Curabitur convallis tortor vitae massa vehicula, sed tincidunt turpis malesuada. Curabitur aliquet eu nunc nec commodo. Maecenas faucibus augue id sem porta, sed ultricies tortor posuere. Nullam sed nulla sed lectus placerat tristique. Cum sociis natoque penatibus et magnis dis parturient montes, nascetur ridiculus mus. Proin eros erat, venenatis sit amet leo non, scelerisque auctor tellus. Quisque vel tellus ut sem euismod pharetra. Ut iaculis magna volutpat laoreet venenatis. Integer quis massa mauris. In luctus eros quis purus vehicula posuere. Phasellus sed sapien neque. Proin bibendum leo vitae lectus luctus, sed convallis eros pulvinar. Ut interdum turpis nisl, non commodo orci facilisis eget. Nunc faucibus urna ac dolor semper, quis iaculis nisi consequat.','Dice','2014-02-24 00:50:17',2,2),
	(3,'Beyond','2013-05-05','Nullam venenatis quis augue vel pellentesque. Fusce sed neque quam. Praesent ante purus, ultrices quis augue ut, cursus vehicula diam. In non eros justo. Ut molestie mattis placerat. Vestibulum et lobortis arcu, ac tempus diam. Integer eget lacinia leo. Aenean at neque accumsan, suscipit lacus vitae, convallis libero. Etiam sit amet eros a augue dapibus semper nec viverra augue. Praesent id malesuada nisi. Sed ultricies, neque ac euismod adipiscing, velit enim porta elit, sed feugiat nunc nunc n','Bethesda','2014-02-23 12:17:18',1,7),
	(4,'Call Of Duty: Ghosts','2013-11-14','Donec aliquet, velit sed mollis luctus, orci lacus tincidunt tellus, ac blandit est orci quis metus. In gravida elit ligula. Donec vel augue sit amet lorem imperdiet tincidunt ut lacinia elit. Morbi eleifend viverra diam non rhoncus. Proin suscipit tortor non mauris congue, eget tristique ligula commodo. Sed pellentesque dapibus molestie. Aenean dui mi, pretium at nulla in, suscipit euismod mauris. Cum sociis natoque penatibus et magnis dis parturient montes, nascetur ridiculus mus. Morbi laoreet diam ut ligula ullamcorper blandit. Mauris vulputate posuere magna ut feugiat. Lorem ipsum dolor sit amet, consectetur adipiscing elit. Donec auctor non felis et placerat. Pellentesque dignissim odio malesuada felis placerat dignissim sit amet vitae magna. Suspendisse nec aliquam magna, sit amet aliquam augue. Praesent dictum egestas est, sit amet scelerisque leo pellentesque sit amet. Mauris et interdum lacus, in tristique eros.','Activision','2014-02-23 12:23:04',1,2),
	(5,'Fifa 14','2013-09-09','Nullam tincidunt gravida leo, vitae gravida lorem. Aenean tellus nisl, euismod vel risus in, scelerisque bibendum dolor. Suspendisse lacinia tortor sem, et pulvinar orci adipiscing vitae. Cras rutrum nisi et varius tincidunt. Nam semper nunc lectus, at molestie ligula ultrices eu. Nam pretium neque quis turpis varius semper. Fusce vestibulum libero auctor augue fringilla, sed luctus magna elementum. Curabitur eu eros nec lacus aliquam lacinia a non est. Ut nec diam non justo gravida blandit. Pha','EA Sports','2014-02-23 12:17:29',1,6),
	(6,'Knack','2014-01-01','Quisque aliquam mi ac posuere dignissim. Aliquam erat volutpat. Cras pellentesque quam et massa pretium, sed tincidunt mi consectetur. Sed in tortor in augue tempus tristique. In pulvinar tortor vel sem tempus posuere. Ut nec dolor blandit, accumsan enim a, ullamcorper lectus. Etiam hendrerit non enim vel suscipit. Quisque neque ipsum, blandit eu fringilla id, feugiat eu ante. Morbi vulputate tincidunt nulla, eget luctus leo sollicitudin quis. Fusce bibendum dictum convallis.','Sony','2014-02-24 00:55:17',2,8),
	(7,'The Last of Us','2013-01-01','Curabitur lobortis suscipit porta. Nulla.','Naughty Dogs','2014-02-23 12:17:10',1,2);

/*!40000 ALTER TABLE `games` ENABLE KEYS */;
UNLOCK TABLES;


# Dump of table groups
# ------------------------------------------------------------

DROP TABLE IF EXISTS `groups`;

CREATE TABLE `groups` (
  `id` int(11) unsigned NOT NULL AUTO_INCREMENT,
  `name` varchar(200) NOT NULL DEFAULT '',
  `is_admin` tinyint(1) unsigned NOT NULL DEFAULT '0',
  `can_blog` tinyint(1) unsigned NOT NULL DEFAULT '0',
  `can_manage_products` tinyint(1) unsigned NOT NULL DEFAULT '0',
  `can_manage_ads` tinyint(1) unsigned NOT NULL DEFAULT '0',
  `can_manage_support` tinyint(1) unsigned NOT NULL DEFAULT '0',
  `can_block_users` tinyint(1) unsigned NOT NULL DEFAULT '0',
  PRIMARY KEY (`id`)
) ENGINE=InnoDB DEFAULT CHARSET=latin1;

LOCK TABLES `groups` WRITE;
/*!40000 ALTER TABLE `groups` DISABLE KEYS */;

INSERT INTO `groups` (`id`, `name`, `is_admin`, `can_blog`, `can_manage_products`, `can_manage_ads`, `can_manage_support`, `can_block_users`)
VALUES
	(1,'admins',1,1,1,1,1,1),
	(2,'bloggers',0,1,0,0,0,0),
	(3,'staff',0,0,1,1,1,1),
	(4,'moderators',0,0,0,1,0,0),
	(5,'support',0,0,0,0,1,0);

/*!40000 ALTER TABLE `groups` ENABLE KEYS */;
UNLOCK TABLES;


# Dump of table posts
# ------------------------------------------------------------

DROP TABLE IF EXISTS `posts`;

CREATE TABLE `posts` (
  `id` int(11) unsigned NOT NULL AUTO_INCREMENT,
  `title` varchar(255) NOT NULL DEFAULT '',
  `excerpt` text,
  `content` text NOT NULL,
  `updated_at` timestamp NOT NULL DEFAULT CURRENT_TIMESTAMP ON UPDATE CURRENT_TIMESTAMP,
  `published_at` timestamp NULL DEFAULT NULL,
  `published` tinyint(1) unsigned NOT NULL DEFAULT '0',
  `author_id` int(11) unsigned NOT NULL,
  PRIMARY KEY (`id`),
  KEY `post_belongs_to_user` (`author_id`),
  CONSTRAINT `post_belongs_to_user` FOREIGN KEY (`author_id`) REFERENCES `users` (`id`) ON DELETE CASCADE ON UPDATE NO ACTION
) ENGINE=InnoDB DEFAULT CHARSET=latin1;

LOCK TABLES `posts` WRITE;
/*!40000 ALTER TABLE `posts` DISABLE KEYS */;

INSERT INTO `posts` (`id`, `title`, `excerpt`, `content`, `updated_at`, `published_at`, `published`, `author_id`)
VALUES
	(2,'The post with tags','A nice excerpt isn\'t long.','<p>Phasellus dignissim tempor urna eget consequat. Vestibulum bibendum porta eleifend. Mauris auctor, metus et fringilla hendrerit, lectus magna facilisis erat, non imperdiet sapien lectus eu sem. Integer interdum felis eu est lobortis, sed scelerisque dolor vestibulum. Mauris sit amet pulvinar ligula. Donec tincidunt dui laoreet, pharetra turpis quis, laoreet neque. Etiam ut mattis elit. In vel turpis at urna suscipit dignissim. Donec ullamcorper velit sit amet dapibus malesuada. Nullam at lorem diam. Nullam consectetur venenatis diam, in posuere mauris sollicitudin fermentum. Morbi eu tellus sit amet elit pulvinar ullamcorper. Vivamus sed dolor sit amet arcu porta pretium at sit amet erat. Morbi ac dolor ornare, faucibus nibh sed, scelerisque justo. Proin vel condimentum nibh.</p>','2014-08-29 19:31:14','2014-08-29 19:31:14',1,1),
	(6,'dqewdqw','dqewdqew','<p>dqwdqwed</p>','2014-08-27 13:02:38','2014-08-27 13:02:38',1,14),
	(7,'Dedicato a teeeeeeeeeee','Chissà dove chissà coooome','<p>E ascoltare senza <strong>interruzioniiiiiiiiiiiii</strong>!</p>','2014-08-29 19:52:03','2014-08-29 19:52:03',1,1);

/*!40000 ALTER TABLE `posts` ENABLE KEYS */;
UNLOCK TABLES;


# Dump of table posts_tags
# ------------------------------------------------------------

DROP TABLE IF EXISTS `posts_tags`;

CREATE TABLE `posts_tags` (
  `post_id` int(11) unsigned NOT NULL,
  `tag_id` int(11) unsigned NOT NULL,
  KEY `posts_tags_references_posts` (`post_id`),
  KEY `posts_tags_references_tags` (`tag_id`),
  CONSTRAINT `posts_tags_references_posts` FOREIGN KEY (`post_id`) REFERENCES `posts` (`id`) ON DELETE CASCADE ON UPDATE NO ACTION,
  CONSTRAINT `posts_tags_references_tags` FOREIGN KEY (`tag_id`) REFERENCES `tags` (`id`) ON DELETE CASCADE ON UPDATE NO ACTION
) ENGINE=InnoDB DEFAULT CHARSET=latin1;

LOCK TABLES `posts_tags` WRITE;
/*!40000 ALTER TABLE `posts_tags` DISABLE KEYS */;

INSERT INTO `posts_tags` (`post_id`, `tag_id`)
VALUES
	(2,7),
	(2,4),
	(2,8),
	(2,26),
	(2,25),
	(2,18),
	(2,24),
	(7,2),
	(7,9);

/*!40000 ALTER TABLE `posts_tags` ENABLE KEYS */;
UNLOCK TABLES;


# Dump of table support_tickets
# ------------------------------------------------------------

DROP TABLE IF EXISTS `support_tickets`;

CREATE TABLE `support_tickets` (
  `id` int(11) unsigned NOT NULL AUTO_INCREMENT,
  `title` varchar(255) NOT NULL DEFAULT '',
  `closed` tinyint(1) unsigned NOT NULL DEFAULT '0',
  `content` text,
  `topic` varchar(255) DEFAULT NULL,
  `author_id` int(11) unsigned NOT NULL,
  PRIMARY KEY (`id`),
  KEY `support_ticket_belongs_to_author` (`author_id`),
  CONSTRAINT `support_ticket_belongs_to_author` FOREIGN KEY (`author_id`) REFERENCES `users` (`id`) ON DELETE CASCADE ON UPDATE NO ACTION
) ENGINE=InnoDB DEFAULT CHARSET=utf8;

LOCK TABLES `support_tickets` WRITE;
/*!40000 ALTER TABLE `support_tickets` DISABLE KEYS */;

INSERT INTO `support_tickets` (`id`, `title`, `closed`, `content`, `topic`, `author_id`)
VALUES
	(1,'Test ticket',0,'This is a support ticket. It works, doesn\'t it?','help',1),
	(2,'Another ticket, you suck.',0,'Vestibulum a condimentum nisl. Pellentesque ac feugiat quam, et ullamcorper metus. Fusce sed mauris dapibus, vestibulum ex vel, ornare erat. Fusce sed consectetur urna. Aenean tincidunt nunc a pellentesque elementum. Donec finibus ex ac nulla tempus, eu dictum lorem facilisis. Praesent pellentesque lectus id erat tristique, id elementum est imperdiet. Ut ut placerat ante. Duis maximus arcu quis eros dignissim, vitae sagittis odio scelerisque. Maecenas malesuada, sem ac malesuada faucibus, turpis turpis posuere dui, in iaculis arcu eros et tortor. Integer eget blandit metus. Nam accumsan volutpat pellentesque. Nunc tempor ex id dui ullamcorper placerat. Curabitur semper augue sed viverra lobortis. Sed pellentesque turpis vel viverra scelerisque. Aliquam erat volutpat.\r\n\r\nVivamus ac purus aliquet, imperdiet leo quis, pharetra ipsum. Etiam urna ex, hendrerit sit amet turpis non, accumsan vestibulum urna. Aliquam tempus sem consectetur pellentesque egestas. Maecenas convallis, nibh nec egestas lobortis, dui neque hendrerit mi, id finibus ex sapien vel ligula. Pellentesque cursus consequat leo vitae vestibulum. Nunc risus eros, vehicula non risus in, imperdiet mattis ante. Pellentesque elit risus, hendrerit in erat at, pretium ullamcorper augue. Sed ante nibh, pulvinar eu nisl vel, congue tincidunt dui. Phasellus accumsan turpis a tortor condimentum sollicitudin. Nam ut tincidunt sem, in elementum quam. Sed fringilla sit amet nisl non pharetra. Cras dui dolor, faucibus quis malesuada ut, interdum ut ipsum. Quisque nec ipsum dolor. Nullam a orci rhoncus, posuere ligula id, eleifend mauris. Vestibulum scelerisque placerat nulla in tincidunt.\r\n\r\nDonec sed gravida purus, vitae porta orci. Praesent pulvinar magna ante, quis tempus massa rhoncus et. Cras congue lorem lectus. Sed euismod ac sem nec egestas. Nullam ac eros vel sapien auctor sollicitudin vel eget odio. Suspendisse fermentum vestibulum mattis. Duis sit amet dolor commodo, ultricies enim eget, accumsan nisi. Morbi blandit nulla vel ex tincidunt maximus. Aenean dictum ex eget nisl rhoncus vestibulum.','complain',10);

/*!40000 ALTER TABLE `support_tickets` ENABLE KEYS */;
UNLOCK TABLES;


# Dump of table tags
# ------------------------------------------------------------

DROP TABLE IF EXISTS `tags`;

CREATE TABLE `tags` (
  `id` int(11) unsigned NOT NULL AUTO_INCREMENT,
  `name` varchar(30) NOT NULL DEFAULT '',
  PRIMARY KEY (`id`),
  UNIQUE KEY `unique_name` (`name`)
) ENGINE=InnoDB DEFAULT CHARSET=latin1;

LOCK TABLES `tags` WRITE;
/*!40000 ALTER TABLE `tags` DISABLE KEYS */;

INSERT INTO `tags` (`id`, `name`)
VALUES
	(10,'4'),
	(2,'announcements'),
	(4,'dew'),
	(9,'dewdew'),
	(26,'diosololosa'),
	(8,'dw'),
	(7,'dwedeqwedqwfqw'),
	(24,'eeeeeeeeeeeeeeee'),
	(11,'ewfqw'),
	(25,'ppopopopopop'),
	(3,'promotions'),
	(18,'qcwnckqepfvqerqr'),
	(23,'qdqewdqwdqwdqwdqewdqweowjooooo'),
	(16,'qwfe'),
	(19,'sane-tag'),
	(1,'test-tag'),
	(20,'ttttt'),
	(22,'wdewdewdewdew');

/*!40000 ALTER TABLE `tags` ENABLE KEYS */;
UNLOCK TABLES;


# Dump of table uploads
# ------------------------------------------------------------

DROP TABLE IF EXISTS `uploads`;

CREATE TABLE `uploads` (
  `id` int(11) unsigned NOT NULL AUTO_INCREMENT,
  `url` varchar(100) NOT NULL DEFAULT '',
  `size` bigint(20) unsigned DEFAULT NULL,
  `mime_type` varchar(200) DEFAULT NULL,
  `uploaded_at` timestamp NULL DEFAULT CURRENT_TIMESTAMP ON UPDATE CURRENT_TIMESTAMP,
  `user_profile_picture_id` int(11) unsigned DEFAULT NULL,
  `game_cover_id` int(11) unsigned DEFAULT NULL,
  `accessory_image_id` int(11) unsigned DEFAULT NULL,
  `console_image_id` int(11) unsigned DEFAULT NULL,
  `ad_id` int(11) unsigned DEFAULT NULL,
  `post_id` int(11) unsigned DEFAULT NULL,
  PRIMARY KEY (`id`),
  KEY `upload_belongs_to_game` (`game_cover_id`),
  KEY `upload_belongs_to_user_as_profile_picture` (`user_profile_picture_id`),
  KEY `upload_belongs_to_accessory` (`accessory_image_id`),
  KEY `upload_belongs_to_ad` (`ad_id`),
  KEY `upload_belongs_to_console` (`console_image_id`),
  KEY `upload_belongs_to_post` (`post_id`),
  CONSTRAINT `upload_belongs_to_accessory` FOREIGN KEY (`accessory_image_id`) REFERENCES `accessories` (`id`) ON DELETE CASCADE ON UPDATE NO ACTION,
  CONSTRAINT `upload_belongs_to_ad` FOREIGN KEY (`ad_id`) REFERENCES `ads` (`id`) ON DELETE CASCADE ON UPDATE NO ACTION,
  CONSTRAINT `upload_belongs_to_console` FOREIGN KEY (`console_image_id`) REFERENCES `consoles` (`id`) ON DELETE CASCADE ON UPDATE NO ACTION,
  CONSTRAINT `upload_belongs_to_game` FOREIGN KEY (`game_cover_id`) REFERENCES `games` (`id`) ON DELETE CASCADE ON UPDATE NO ACTION,
  CONSTRAINT `upload_belongs_to_post` FOREIGN KEY (`post_id`) REFERENCES `posts` (`id`) ON DELETE CASCADE ON UPDATE NO ACTION,
  CONSTRAINT `upload_belongs_to_user_as_profile_picture` FOREIGN KEY (`user_profile_picture_id`) REFERENCES `users` (`id`) ON DELETE CASCADE ON UPDATE NO ACTION
) ENGINE=InnoDB DEFAULT CHARSET=latin1;

LOCK TABLES `uploads` WRITE;
/*!40000 ALTER TABLE `uploads` DISABLE KEYS */;

INSERT INTO `uploads` (`id`, `url`, `size`, `mime_type`, `uploaded_at`, `user_profile_picture_id`, `game_cover_id`, `accessory_image_id`, `console_image_id`, `ad_id`, `post_id`)
VALUES
	(18,'18/1373496404.jpg',331732,'image/jpeg','2014-08-19 18:02:02',NULL,NULL,NULL,NULL,23,NULL),
	(19,'19/1373299467.jpg',230637,'image/jpeg','2014-08-19 18:21:56',NULL,NULL,NULL,NULL,23,NULL),
	(20,'20/1373298726.jpg',193272,'image/jpeg','2014-08-19 18:21:56',NULL,NULL,NULL,NULL,23,NULL),
	(21,'21/1373334244.jpg',352374,'image/jpeg','2014-08-19 18:21:56',NULL,NULL,NULL,NULL,23,NULL),
	(25,'',0,'','2014-08-20 21:13:55',NULL,NULL,NULL,NULL,NULL,NULL),
	(39,'',0,'','2014-08-21 20:53:05',NULL,NULL,NULL,NULL,NULL,NULL),
	(40,'',0,'','2014-08-21 20:55:48',NULL,NULL,NULL,NULL,NULL,NULL),
	(41,'',0,'','2014-08-21 20:59:58',NULL,NULL,NULL,NULL,NULL,NULL),
	(54,'54/ClitIrD.jpg',113613,'image/jpeg','2014-08-26 19:10:21',10,NULL,NULL,NULL,NULL,NULL),
	(55,'55/TheOrder_1886.jpg',328692,'image/jpeg','2014-08-27 15:14:41',NULL,1,NULL,NULL,NULL,NULL),
	(56,'56/2013-08-24 21.47.15.jpg',2117499,'image/jpeg','2014-08-29 17:24:47',4,NULL,NULL,NULL,NULL,NULL),
	(57,'57/1370955297-knack-2.jpg',1659155,'image/jpeg','2014-09-01 02:00:31',NULL,NULL,NULL,NULL,27,NULL);

/*!40000 ALTER TABLE `uploads` ENABLE KEYS */;
UNLOCK TABLES;


# Dump of table users
# ------------------------------------------------------------

DROP TABLE IF EXISTS `users`;

CREATE TABLE `users` (
  `id` int(11) unsigned NOT NULL AUTO_INCREMENT,
  `email` varchar(100) NOT NULL,
  `hashed_password` varchar(1000) NOT NULL,
  `created_at` timestamp NOT NULL DEFAULT CURRENT_TIMESTAMP,
  `first_name` varchar(50) DEFAULT NULL,
  `last_name` varchar(50) DEFAULT NULL,
  `signed_in` tinyint(1) unsigned NOT NULL DEFAULT '0',
  `blocked` tinyint(1) unsigned NOT NULL DEFAULT '0',
  `resetting` tinyint(1) unsigned NOT NULL DEFAULT '0',
  `reset_token` varchar(255) DEFAULT NULL,
  `confirmed` tinyint(1) unsigned NOT NULL DEFAULT '0',
  `confirmation_token` varchar(255) DEFAULT NULL,
  `group_id` int(11) unsigned DEFAULT NULL,
  PRIMARY KEY (`id`),
  UNIQUE KEY `index_email` (`email`),
  KEY `user_belongs_to_group` (`group_id`),
  CONSTRAINT `user_belongs_to_group` FOREIGN KEY (`group_id`) REFERENCES `groups` (`id`) ON DELETE SET NULL ON UPDATE NO ACTION
) ENGINE=InnoDB DEFAULT CHARSET=latin1;

LOCK TABLES `users` WRITE;
/*!40000 ALTER TABLE `users` DISABLE KEYS */;

INSERT INTO `users` (`id`, `email`, `hashed_password`, `created_at`, `first_name`, `last_name`, `signed_in`, `blocked`, `resetting`, `reset_token`, `confirmed`, `confirmation_token`, `group_id`)
VALUES
	(1,'admin@gamespot.com','21232f297a57a5a743894a0e4a801fc3','2014-02-23 12:20:13','Ammi','Nistratore',0,0,0,NULL,1,NULL,1),
	(4,'staff@gamespot.com','1253208465b1efa876f982d8a9e73eef','2014-02-24 23:49:05','Membero','Dello Staff',0,0,0,NULL,1,NULL,3),
	(10,'regular@gamespot.com','af37d08ae228a87dc6b265fd1019c97d','2014-08-21 14:16:34','Regolare','Userone',1,0,0,NULL,1,NULL,NULL),
	(11,'support@gamespot.com','434990c8a25d2be94863561ae98bd682','2014-08-21 15:07:29','Suppor','Tomini',0,0,0,NULL,1,NULL,5),
	(14,'blogger@gamespot.com','c8eb6ea7e78913e97329f6eee2cdef5d','2014-08-24 19:31:38','Blo','Ghero',0,0,0,NULL,1,NULL,2),
	(15,'an.leopardi@gmail.com','9003d1df22eb4d3820015070385194c8','2014-08-25 19:05:09','Andrea','Leopardi',0,0,0,NULL,1,NULL,NULL);

/*!40000 ALTER TABLE `users` ENABLE KEYS */;
UNLOCK TABLES;


# Dump of table visits
# ------------------------------------------------------------

DROP TABLE IF EXISTS `visits`;

CREATE TABLE `visits` (
  `id` int(11) unsigned NOT NULL AUTO_INCREMENT,
  `url` varchar(255) NOT NULL DEFAULT '',
  `ip` varchar(20) NOT NULL DEFAULT '',
  `visited_at` timestamp NOT NULL DEFAULT CURRENT_TIMESTAMP,
  `count` bigint(20) unsigned NOT NULL DEFAULT '1',
  PRIMARY KEY (`id`)
) ENGINE=InnoDB DEFAULT CHARSET=utf8;

LOCK TABLES `visits` WRITE;
/*!40000 ALTER TABLE `visits` DISABLE KEYS */;

INSERT INTO `visits` (`id`, `url`, `ip`, `visited_at`, `count`)
VALUES
	(5,'/backend/game_categories','::1','2014-08-31 18:21:31',6),
	(6,'/backend/ads','::1','2014-08-31 18:21:48',2),
	(7,'/backend/groups','::1','2014-08-31 18:26:06',6),
	(8,'/backend','::1','2014-08-31 18:33:57',31),
	(9,'/backend/accessories','::1','2014-08-31 18:50:47',10),
	(10,'/backend/posts','::1','2014-08-31 18:52:59',1),
	(11,'/backend/support_tickets','::1','2014-08-31 18:53:01',1),
	(12,'/backend/users','::1','2014-08-31 18:53:02',1),
	(13,'/backend/errors','::1','2014-08-31 19:00:01',5),
	(14,'/backend/consoles','::1','2014-08-31 19:40:15',3),
	(15,'/backend/games','::1','2014-08-31 19:40:15',1),
	(16,'/','::1','2014-08-31 19:41:21',5),
	(17,'/users/sign_out','::1','2014-08-31 19:41:25',3),
	(18,'/users/sign_in','::1','2014-08-31 19:41:25',10),
	(19,'/users/forgot_password','::1','2014-09-01 01:56:10',1),
	(20,'/users/profile','::1','2014-09-01 01:57:14',4),
	(21,'/ads/nuevo?type=game','::1','2014-09-01 01:57:17',4),
	(22,'/ads/edit?id=27','::1','2014-09-01 01:59:35',4),
	(23,'/ads/update?id=27','::1','2014-09-01 01:59:54',3),
	(24,'/ads/upload_image?id=27','::1','2014-09-01 02:00:31',1),
	(25,'/ads','::1','2014-09-01 02:01:21',1),
	(26,'/ads/show?id=27','::1','2014-09-01 02:01:25',10),
	(27,'/ads/contact','::1','2014-09-01 02:01:31',7);

/*!40000 ALTER TABLE `visits` ENABLE KEYS */;
UNLOCK TABLES;



/*!40111 SET SQL_NOTES=@OLD_SQL_NOTES */;
/*!40101 SET SQL_MODE=@OLD_SQL_MODE */;
/*!40014 SET FOREIGN_KEY_CHECKS=@OLD_FOREIGN_KEY_CHECKS */;
/*!40101 SET CHARACTER_SET_CLIENT=@OLD_CHARACTER_SET_CLIENT */;
/*!40101 SET CHARACTER_SET_RESULTS=@OLD_CHARACTER_SET_RESULTS */;
/*!40101 SET COLLATION_CONNECTION=@OLD_COLLATION_CONNECTION */;
